EmployeeNumber,Attrition,cluster,cluster_reclassificado,confianca,persona
1,Yes,0,0,baixa,Estáveis e engajados
2,No,0,0,alta,Estáveis e engajados
4,Yes,1,1,alta,"Risco de attrition, Início de carreira"
5,No,1,1,alta,"Risco de attrition, Início de carreira"
7,No,0,0,baixa,Estáveis e engajados
8,No,1,1,alta,"Risco de attrition, Início de carreira"
10,No,1,1,alta,"Risco de attrition, Início de carreira"
11,No,1,1,alta,"Risco de attrition, Início de carreira"
12,No,0,0,baixa,Estáveis e engajados
13,No,0,0,alta,Estáveis e engajados
14,No,1,1,media,"Risco de attrition, Início de carreira"
15,No,1,1,alta,"Risco de attrition, Início de carreira"
16,No,1,1,alta,"Risco de attrition, Início de carreira"
18,No,1,1,alta,"Risco de attrition, Início de carreira"
19,Yes,1,1,alta,"Risco de attrition, Início de carreira"
20,No,1,1,baixa,"Risco de attrition, Início de carreira"
21,No,1,1,alta,"Risco de attrition, Início de carreira"
22,No,1,1,alta,"Risco de attrition, Início de carreira"
23,No,0,0,alta,Estáveis e engajados
24,No,1,1,alta,"Risco de attrition, Início de carreira"
26,No,1,1,alta,"Risco de attrition, Início de carreira"
27,Yes,0,0,media,Estáveis e engajados
28,No,1,1,alta,"Risco de attrition, Início de carreira"
30,No,1,1,alta,"Risco de attrition, Início de carreira"
31,Yes,1,1,alta,"Risco de attrition, Início de carreira"
32,No,0,0,media,Estáveis e engajados
33,Yes,1,1,alta,"Risco de attrition, Início de carreira"
35,No,0,0,alta,Estáveis e engajados
36,No,0,0,media,Estáveis e engajados
38,No,1,1,alta,"Risco de attrition, Início de carreira"
39,No,1,1,alta,"Risco de attrition, Início de carreira"
40,No,0,0,alta,Estáveis e engajados
41,No,1,1,alta,"Risco de attrition, Início de carreira"
42,Yes,0,0,alta,Estáveis e engajados
45,Yes,1,1,alta,"Risco de attrition, Início de carreira"
46,No,1,1,alta,"Risco de attrition, Início de carreira"
47,Yes,0,0,media,Estáveis e engajados
49,No,0,0,baixa,Estáveis e engajados
51,No,1,1,alta,"Risco de attrition, Início de carreira"
52,No,0,0,alta,Estáveis e engajados
53,No,1,1,alta,"Risco de attrition, Início de carreira"
54,No,1,1,alta,"Risco de attrition, Início de carreira"
55,Yes,1,1,alta,"Risco de attrition, Início de carreira"
56,No,0,0,alta,Estáveis e engajados
57,No,1,1,alta,"Risco de attrition, Início de carreira"
58,Yes,0,0,baixa,Estáveis e engajados
60,No,0,0,alta,Estáveis e engajados
61,No,1,1,alta,"Risco de attrition, Início de carreira"
62,No,0,0,alta,Estáveis e engajados
63,No,1,1,alta,"Risco de attrition, Início de carreira"
64,Yes,1,1,alta,"Risco de attrition, Início de carreira"
65,Yes,1,1,alta,"Risco de attrition, Início de carreira"
68,No,0,0,media,Estáveis e engajados
70,No,0,0,alta,Estáveis e engajados
72,No,0,0,alta,Estáveis e engajados
73,No,1,1,alta,"Risco de attrition, Início de carreira"
74,No,0,0,alta,Estáveis e engajados
75,No,1,1,alta,"Risco de attrition, Início de carreira"
76,No,0,0,alta,Estáveis e engajados
77,No,0,0,alta,Estáveis e engajados
78,No,0,0,alta,Estáveis e engajados
79,No,1,1,alta,"Risco de attrition, Início de carreira"
80,No,1,1,media,"Risco de attrition, Início de carreira"
81,No,0,0,alta,Estáveis e engajados
83,No,0,0,alta,Estáveis e engajados
84,No,1,1,alta,"Risco de attrition, Início de carreira"
85,No,1,1,alta,"Risco de attrition, Início de carreira"
86,No,1,1,alta,"Risco de attrition, Início de carreira"
88,No,1,1,alta,"Risco de attrition, Início de carreira"
90,Yes,1,1,alta,"Risco de attrition, Início de carreira"
91,No,1,1,media,"Risco de attrition, Início de carreira"
94,No,1,1,media,"Risco de attrition, Início de carreira"
95,No,1,1,alta,"Risco de attrition, Início de carreira"
96,No,0,0,alta,Estáveis e engajados
97,No,1,1,alta,"Risco de attrition, Início de carreira"
98,No,1,1,alta,"Risco de attrition, Início de carreira"
100,No,0,0,alta,Estáveis e engajados
101,No,0,0,alta,Estáveis e engajados
102,No,1,1,alta,"Risco de attrition, Início de carreira"
103,No,1,1,baixa,"Risco de attrition, Início de carreira"
104,No,0,0,alta,Estáveis e engajados
105,No,1,1,alta,"Risco de attrition, Início de carreira"
106,No,0,0,alta,Estáveis e engajados
107,No,1,1,alta,"Risco de attrition, Início de carreira"
110,No,1,1,media,"Risco de attrition, Início de carreira"
112,No,0,0,baixa,Estáveis e engajados
113,No,0,0,alta,Estáveis e engajados
116,No,0,0,media,Estáveis e engajados
117,No,0,0,alta,Estáveis e engajados
118,Yes,0,0,alta,Estáveis e engajados
119,No,0,0,alta,Estáveis e engajados
120,No,0,0,alta,Estáveis e engajados
121,No,0,0,alta,Estáveis e engajados
124,No,0,0,alta,Estáveis e engajados
125,No,0,0,alta,Estáveis e engajados
126,No,0,0,baixa,Estáveis e engajados
128,No,0,0,alta,Estáveis e engajados
129,No,0,0,alta,Estáveis e engajados
131,No,0,0,alta,Estáveis e engajados
132,No,0,0,baixa,Estáveis e engajados
133,Yes,1,1,media,"Risco de attrition, Início de carreira"
134,No,1,1,alta,"Risco de attrition, Início de carreira"
137,Yes,1,1,alta,"Risco de attrition, Início de carreira"
138,No,1,1,alta,"Risco de attrition, Início de carreira"
139,No,1,1,alta,"Risco de attrition, Início de carreira"
140,No,0,0,alta,Estáveis e engajados
141,No,1,1,alta,"Risco de attrition, Início de carreira"
142,Yes,0,0,alta,Estáveis e engajados
143,No,1,1,alta,"Risco de attrition, Início de carreira"
144,No,1,1,alta,"Risco de attrition, Início de carreira"
145,No,1,1,alta,"Risco de attrition, Início de carreira"
147,Yes,1,1,alta,"Risco de attrition, Início de carreira"
148,No,1,1,alta,"Risco de attrition, Início de carreira"
150,No,0,0,baixa,Estáveis e engajados
151,No,1,1,alta,"Risco de attrition, Início de carreira"
152,No,0,0,alta,Estáveis e engajados
153,No,1,1,alta,"Risco de attrition, Início de carreira"
154,No,0,0,alta,Estáveis e engajados
155,No,1,1,alta,"Risco de attrition, Início de carreira"
158,No,0,0,alta,Estáveis e engajados
159,No,1,1,alta,"Risco de attrition, Início de carreira"
160,No,0,0,alta,Estáveis e engajados
161,Yes,1,1,alta,"Risco de attrition, Início de carreira"
162,No,0,0,baixa,Estáveis e engajados
163,Yes,0,0,alta,Estáveis e engajados
164,No,1,1,alta,"Risco de attrition, Início de carreira"
165,Yes,0,0,alta,Estáveis e engajados
167,Yes,1,1,alta,"Risco de attrition, Início de carreira"
169,No,1,1,media,"Risco de attrition, Início de carreira"
170,No,1,1,media,"Risco de attrition, Início de carreira"
171,No,1,1,alta,"Risco de attrition, Início de carreira"
174,No,1,1,alta,"Risco de attrition, Início de carreira"
175,Yes,0,0,alta,Estáveis e engajados
176,No,0,0,alta,Estáveis e engajados
177,No,0,0,alta,Estáveis e engajados
178,No,1,1,alta,"Risco de attrition, Início de carreira"
179,Yes,1,1,alta,"Risco de attrition, Início de carreira"
182,No,0,0,alta,Estáveis e engajados
183,No,0,0,alta,Estáveis e engajados
184,No,0,0,alta,Estáveis e engajados
190,Yes,1,1,alta,"Risco de attrition, Início de carreira"
192,No,1,1,alta,"Risco de attrition, Início de carreira"
193,No,1,1,alta,"Risco de attrition, Início de carreira"
194,No,1,1,alta,"Risco de attrition, Início de carreira"
195,No,0,0,alta,Estáveis e engajados
197,No,1,1,alta,"Risco de attrition, Início de carreira"
198,No,1,1,alta,"Risco de attrition, Início de carreira"
199,No,0,0,alta,Estáveis e engajados
200,No,1,1,baixa,"Risco de attrition, Início de carreira"
201,No,1,1,alta,"Risco de attrition, Início de carreira"
202,No,1,1,alta,"Risco de attrition, Início de carreira"
204,No,0,0,alta,Estáveis e engajados
205,No,0,0,alta,Estáveis e engajados
206,No,1,1,baixa,"Risco de attrition, Início de carreira"
207,No,0,0,alta,Estáveis e engajados
208,No,0,0,alta,Estáveis e engajados
211,No,1,1,media,"Risco de attrition, Início de carreira"
214,No,1,1,alta,"Risco de attrition, Início de carreira"
215,No,0,0,alta,Estáveis e engajados
216,No,1,1,baixa,"Risco de attrition, Início de carreira"
217,No,1,1,media,"Risco de attrition, Início de carreira"
218,No,1,1,alta,"Risco de attrition, Início de carreira"
221,No,1,1,alta,"Risco de attrition, Início de carreira"
223,No,0,0,alta,Estáveis e engajados
224,No,1,1,alta,"Risco de attrition, Início de carreira"
226,No,1,1,alta,"Risco de attrition, Início de carreira"
227,No,1,1,media,"Risco de attrition, Início de carreira"
228,No,0,0,alta,Estáveis e engajados
230,No,1,1,alta,"Risco de attrition, Início de carreira"
231,No,1,1,alta,"Risco de attrition, Início de carreira"
233,No,1,1,baixa,"Risco de attrition, Início de carreira"
235,Yes,1,1,alta,"Risco de attrition, Início de carreira"
238,No,1,1,baixa,"Risco de attrition, Início de carreira"
239,No,0,0,alta,Estáveis e engajados
240,No,0,0,alta,Estáveis e engajados
241,No,1,1,alta,"Risco de attrition, Início de carreira"
242,No,1,1,alta,"Risco de attrition, Início de carreira"
243,Yes,1,1,alta,"Risco de attrition, Início de carreira"
244,No,0,0,alta,Estáveis e engajados
245,No,1,1,alta,"Risco de attrition, Início de carreira"
246,No,1,1,alta,"Risco de attrition, Início de carreira"
247,No,1,1,alta,"Risco de attrition, Início de carreira"
248,Yes,1,1,alta,"Risco de attrition, Início de carreira"
249,No,1,1,media,"Risco de attrition, Início de carreira"
250,No,1,1,alta,"Risco de attrition, Início de carreira"
252,No,1,1,alta,"Risco de attrition, Início de carreira"
253,No,0,0,alta,Estáveis e engajados
254,No,0,0,baixa,Estáveis e engajados
256,No,0,0,alta,Estáveis e engajados
258,No,1,1,alta,"Risco de attrition, Início de carreira"
259,No,0,0,alta,Estáveis e engajados
260,No,1,1,alta,"Risco de attrition, Início de carreira"
261,Yes,1,1,baixa,"Risco de attrition, Início de carreira"
262,No,1,1,alta,"Risco de attrition, Início de carreira"
264,No,0,0,alta,Estáveis e engajados
267,No,0,0,alta,Estáveis e engajados
269,No,1,1,alta,"Risco de attrition, Início de carreira"
270,No,1,1,media,"Risco de attrition, Início de carreira"
271,No,0,0,alta,Estáveis e engajados
273,No,0,0,alta,Estáveis e engajados
274,No,0,0,media,Estáveis e engajados
275,No,0,0,alta,Estáveis e engajados
277,No,1,1,alta,"Risco de attrition, Início de carreira"
281,No,0,0,alta,Estáveis e engajados
282,Yes,1,1,media,"Risco de attrition, Início de carreira"
283,Yes,0,0,alta,Estáveis e engajados
284,No,1,1,alta,"Risco de attrition, Início de carreira"
286,No,1,1,alta,"Risco de attrition, Início de carreira"
287,No,0,0,alta,Estáveis e engajados
288,No,1,1,baixa,"Risco de attrition, Início de carreira"
291,Yes,0,0,alta,Estáveis e engajados
292,No,0,0,baixa,Estáveis e engajados
293,No,0,0,media,Estáveis e engajados
296,No,0,0,alta,Estáveis e engajados
297,Yes,1,1,alta,"Risco de attrition, Início de carreira"
298,No,1,1,alta,"Risco de attrition, Início de carreira"
299,Yes,1,1,baixa,"Risco de attrition, Início de carreira"
300,Yes,1,1,alta,"Risco de attrition, Início de carreira"
302,No,0,0,alta,Estáveis e engajados
303,No,0,0,alta,Estáveis e engajados
304,No,0,0,media,Estáveis e engajados
305,No,1,1,alta,"Risco de attrition, Início de carreira"
306,No,0,0,media,Estáveis e engajados
307,No,0,0,alta,Estáveis e engajados
308,No,0,0,alta,Estáveis e engajados
309,No,1,1,alta,"Risco de attrition, Início de carreira"
311,No,0,0,alta,Estáveis e engajados
312,No,0,0,alta,Estáveis e engajados
314,No,0,0,alta,Estáveis e engajados
315,Yes,1,1,alta,"Risco de attrition, Início de carreira"
316,No,1,1,alta,"Risco de attrition, Início de carreira"
319,No,0,0,alta,Estáveis e engajados
321,No,0,0,baixa,Estáveis e engajados
323,No,0,0,alta,Estáveis e engajados
325,Yes,0,0,alta,Estáveis e engajados
327,No,0,0,alta,Estáveis e engajados
328,Yes,1,1,alta,"Risco de attrition, Início de carreira"
329,No,0,0,alta,Estáveis e engajados
330,No,0,0,alta,Estáveis e engajados
331,Yes,1,1,alta,"Risco de attrition, Início de carreira"
332,No,1,1,alta,"Risco de attrition, Início de carreira"
333,No,0,0,alta,Estáveis e engajados
334,No,1,1,alta,"Risco de attrition, Início de carreira"
335,No,0,0,alta,Estáveis e engajados
336,No,0,0,alta,Estáveis e engajados
337,No,0,0,media,Estáveis e engajados
338,No,1,1,alta,"Risco de attrition, Início de carreira"
339,No,0,0,alta,Estáveis e engajados
340,No,1,1,alta,"Risco de attrition, Início de carreira"
341,No,0,0,baixa,Estáveis e engajados
342,Yes,1,1,baixa,"Risco de attrition, Início de carreira"
343,No,1,1,alta,"Risco de attrition, Início de carreira"
346,No,1,1,alta,"Risco de attrition, Início de carreira"
347,No,1,1,alta,"Risco de attrition, Início de carreira"
349,No,0,0,alta,Estáveis e engajados
350,No,1,1,alta,"Risco de attrition, Início de carreira"
351,No,1,1,media,"Risco de attrition, Início de carreira"
352,No,0,0,alta,Estáveis e engajados
353,No,1,1,alta,"Risco de attrition, Início de carreira"
355,Yes,1,1,alta,"Risco de attrition, Início de carreira"
359,No,1,1,alta,"Risco de attrition, Início de carreira"
361,No,0,0,alta,Estáveis e engajados
362,No,1,1,alta,"Risco de attrition, Início de carreira"
363,No,0,0,alta,Estáveis e engajados
364,Yes,1,1,alta,"Risco de attrition, Início de carreira"
366,No,0,0,alta,Estáveis e engajados
367,No,0,0,alta,Estáveis e engajados
369,No,1,1,alta,"Risco de attrition, Início de carreira"
372,No,0,0,alta,Estáveis e engajados
373,No,0,0,alta,Estáveis e engajados
374,No,1,1,baixa,"Risco de attrition, Início de carreira"
376,Yes,0,0,alta,Estáveis e engajados
377,No,1,1,alta,"Risco de attrition, Início de carreira"
378,No,0,0,alta,Estáveis e engajados
379,No,1,1,alta,"Risco de attrition, Início de carreira"
380,No,1,1,alta,"Risco de attrition, Início de carreira"
381,No,1,1,media,"Risco de attrition, Início de carreira"
382,No,0,0,alta,Estáveis e engajados
384,No,1,1,media,"Risco de attrition, Início de carreira"
385,No,0,0,alta,Estáveis e engajados
386,No,0,0,alta,Estáveis e engajados
387,No,0,0,alta,Estáveis e engajados
388,No,0,0,alta,Estáveis e engajados
389,No,0,0,alta,Estáveis e engajados
390,No,0,0,alta,Estáveis e engajados
391,No,1,1,alta,"Risco de attrition, Início de carreira"
392,Yes,1,1,alta,"Risco de attrition, Início de carreira"
393,No,0,0,baixa,Estáveis e engajados
394,Yes,1,1,alta,"Risco de attrition, Início de carreira"
395,No,1,1,alta,"Risco de attrition, Início de carreira"
396,No,1,1,alta,"Risco de attrition, Início de carreira"
397,No,1,1,alta,"Risco de attrition, Início de carreira"
399,No,1,1,alta,"Risco de attrition, Início de carreira"
401,Yes,0,0,alta,Estáveis e engajados
403,No,1,1,alta,"Risco de attrition, Início de carreira"
404,No,0,0,alta,Estáveis e engajados
405,Yes,1,1,alta,"Risco de attrition, Início de carreira"
406,No,0,0,alta,Estáveis e engajados
407,No,1,1,alta,"Risco de attrition, Início de carreira"
408,No,0,0,baixa,Estáveis e engajados
410,No,0,0,alta,Estáveis e engajados
411,No,1,1,alta,"Risco de attrition, Início de carreira"
412,No,1,1,alta,"Risco de attrition, Início de carreira"
416,No,0,0,alta,Estáveis e engajados
417,No,0,0,alta,Estáveis e engajados
419,No,0,0,baixa,Estáveis e engajados
420,No,0,0,alta,Estáveis e engajados
421,No,1,1,alta,"Risco de attrition, Início de carreira"
422,No,0,0,media,Estáveis e engajados
423,No,1,1,alta,"Risco de attrition, Início de carreira"
424,No,0,0,baixa,Estáveis e engajados
425,No,0,0,alta,Estáveis e engajados
426,No,1,1,alta,"Risco de attrition, Início de carreira"
428,No,0,0,alta,Estáveis e engajados
429,No,0,0,alta,Estáveis e engajados
430,No,1,1,alta,"Risco de attrition, Início de carreira"
431,No,1,1,alta,"Risco de attrition, Início de carreira"
433,Yes,0,0,alta,Estáveis e engajados
434,No,1,1,alta,"Risco de attrition, Início de carreira"
436,No,0,0,alta,Estáveis e engajados
437,No,0,0,alta,Estáveis e engajados
438,No,0,0,alta,Estáveis e engajados
439,No,1,1,alta,"Risco de attrition, Início de carreira"
440,Yes,1,1,alta,"Risco de attrition, Início de carreira"
441,No,1,1,media,"Risco de attrition, Início de carreira"
442,No,0,0,alta,Estáveis e engajados
444,No,0,0,alta,Estáveis e engajados
445,Yes,0,0,alta,Estáveis e engajados
446,No,0,0,alta,Estáveis e engajados
447,No,0,0,alta,Estáveis e engajados
448,No,1,1,alta,"Risco de attrition, Início de carreira"
449,No,0,0,alta,Estáveis e engajados
450,No,1,1,alta,"Risco de attrition, Início de carreira"
451,No,1,1,media,"Risco de attrition, Início de carreira"
452,No,0,0,alta,Estáveis e engajados
453,No,0,0,alta,Estáveis e engajados
454,Yes,1,1,media,"Risco de attrition, Início de carreira"
455,No,1,1,alta,"Risco de attrition, Início de carreira"
456,No,0,0,alta,Estáveis e engajados
458,No,0,0,alta,Estáveis e engajados
460,No,0,0,alta,Estáveis e engajados
461,No,0,0,alta,Estáveis e engajados
462,No,1,1,alta,"Risco de attrition, Início de carreira"
463,No,0,0,alta,Estáveis e engajados
464,No,0,0,baixa,Estáveis e engajados
465,No,1,1,alta,"Risco de attrition, Início de carreira"
466,No,1,1,alta,"Risco de attrition, Início de carreira"
467,No,1,1,alta,"Risco de attrition, Início de carreira"
468,No,1,1,alta,"Risco de attrition, Início de carreira"
469,No,0,0,alta,Estáveis e engajados
470,No,0,0,media,Estáveis e engajados
471,No,1,1,alta,"Risco de attrition, Início de carreira"
473,No,0,0,baixa,Estáveis e engajados
474,No,0,0,alta,Estáveis e engajados
475,No,0,0,alta,Estáveis e engajados
476,No,0,0,alta,Estáveis e engajados
477,No,1,1,alta,"Risco de attrition, Início de carreira"
478,Yes,1,1,alta,"Risco de attrition, Início de carreira"
479,No,0,0,baixa,Estáveis e engajados
481,No,0,0,alta,Estáveis e engajados
482,No,1,1,baixa,"Risco de attrition, Início de carreira"
483,No,0,0,media,Estáveis e engajados
484,No,1,1,alta,"Risco de attrition, Início de carreira"
485,Yes,1,1,alta,"Risco de attrition, Início de carreira"
486,No,1,1,alta,"Risco de attrition, Início de carreira"
487,No,1,1,alta,"Risco de attrition, Início de carreira"
488,Yes,0,0,alta,Estáveis e engajados
491,No,1,1,alta,"Risco de attrition, Início de carreira"
492,Yes,0,0,alta,Estáveis e engajados
493,No,1,1,alta,"Risco de attrition, Início de carreira"
494,Yes,1,1,alta,"Risco de attrition, Início de carreira"
495,No,1,1,alta,"Risco de attrition, Início de carreira"
496,No,1,1,alta,"Risco de attrition, Início de carreira"
497,No,0,0,baixa,Estáveis e engajados
498,No,0,0,alta,Estáveis e engajados
499,No,1,1,alta,"Risco de attrition, Início de carreira"
500,No,0,0,alta,Estáveis e engajados
501,No,1,1,alta,"Risco de attrition, Início de carreira"
502,Yes,0,0,alta,Estáveis e engajados
505,No,1,1,alta,"Risco de attrition, Início de carreira"
507,No,0,0,alta,Estáveis e engajados
508,No,0,0,alta,Estáveis e engajados
510,Yes,1,1,alta,"Risco de attrition, Início de carreira"
511,No,1,1,alta,"Risco de attrition, Início de carreira"
513,No,0,0,alta,Estáveis e engajados
514,Yes,1,1,alta,"Risco de attrition, Início de carreira"
515,No,1,1,media,"Risco de attrition, Início de carreira"
516,No,0,0,alta,Estáveis e engajados
517,No,1,1,alta,"Risco de attrition, Início de carreira"
518,No,1,1,alta,"Risco de attrition, Início de carreira"
520,No,0,0,alta,Estáveis e engajados
521,No,1,1,alta,"Risco de attrition, Início de carreira"
522,No,0,0,media,Estáveis e engajados
523,No,0,0,alta,Estáveis e engajados
524,No,0,0,alta,Estáveis e engajados
525,No,0,0,media,Estáveis e engajados
526,No,1,1,alta,"Risco de attrition, Início de carreira"
527,No,1,1,media,"Risco de attrition, Início de carreira"
529,No,0,0,baixa,Estáveis e engajados
530,No,0,0,baixa,Estáveis e engajados
531,No,0,0,alta,Estáveis e engajados
532,No,0,0,alta,Estáveis e engajados
533,No,0,0,media,Estáveis e engajados
534,No,0,0,alta,Estáveis e engajados
536,No,0,0,media,Estáveis e engajados
538,Yes,1,1,alta,"Risco de attrition, Início de carreira"
543,No,0,0,alta,Estáveis e engajados
544,No,1,1,alta,"Risco de attrition, Início de carreira"
546,No,1,1,alta,"Risco de attrition, Início de carreira"
547,No,1,1,alta,"Risco de attrition, Início de carreira"
548,No,1,1,alta,"Risco de attrition, Início de carreira"
549,No,0,0,baixa,Estáveis e engajados
550,No,1,1,media,"Risco de attrition, Início de carreira"
551,No,1,1,media,"Risco de attrition, Início de carreira"
554,Yes,1,1,alta,"Risco de attrition, Início de carreira"
555,Yes,1,1,alta,"Risco de attrition, Início de carreira"
556,No,1,1,baixa,"Risco de attrition, Início de carreira"
558,No,0,0,alta,Estáveis e engajados
560,No,1,1,alta,"Risco de attrition, Início de carreira"
562,No,0,0,alta,Estáveis e engajados
564,No,0,0,media,Estáveis e engajados
565,Yes,1,1,alta,"Risco de attrition, Início de carreira"
566,Yes,1,1,alta,"Risco de attrition, Início de carreira"
567,No,0,0,alta,Estáveis e engajados
568,No,0,0,alta,Estáveis e engajados
569,No,0,0,alta,Estáveis e engajados
571,No,1,1,alta,"Risco de attrition, Início de carreira"
573,No,0,0,alta,Estáveis e engajados
574,No,1,1,alta,"Risco de attrition, Início de carreira"
575,No,1,1,baixa,"Risco de attrition, Início de carreira"
577,No,1,1,alta,"Risco de attrition, Início de carreira"
578,No,1,1,alta,"Risco de attrition, Início de carreira"
579,No,0,0,media,Estáveis e engajados
580,No,0,0,alta,Estáveis e engajados
581,No,0,0,alta,Estáveis e engajados
582,Yes,0,0,alta,Estáveis e engajados
584,Yes,1,1,media,"Risco de attrition, Início de carreira"
585,No,0,0,media,Estáveis e engajados
586,No,0,0,alta,Estáveis e engajados
587,Yes,1,1,media,"Risco de attrition, Início de carreira"
590,Yes,1,1,alta,"Risco de attrition, Início de carreira"
591,No,1,1,media,"Risco de attrition, Início de carreira"
592,No,0,0,alta,Estáveis e engajados
593,Yes,1,1,alta,"Risco de attrition, Início de carreira"
595,No,0,0,alta,Estáveis e engajados
597,No,1,1,alta,"Risco de attrition, Início de carreira"
599,No,0,0,alta,Estáveis e engajados
600,No,0,0,alta,Estáveis e engajados
601,No,1,1,alta,"Risco de attrition, Início de carreira"
602,No,0,0,baixa,Estáveis e engajados
604,No,0,0,alta,Estáveis e engajados
605,No,0,0,alta,Estáveis e engajados
606,No,0,0,alta,Estáveis e engajados
608,Yes,1,1,alta,"Risco de attrition, Início de carreira"
611,No,0,0,alta,Estáveis e engajados
612,No,1,1,alta,"Risco de attrition, Início de carreira"
613,No,0,0,alta,Estáveis e engajados
614,Yes,1,1,alta,"Risco de attrition, Início de carreira"
615,No,0,0,alta,Estáveis e engajados
616,No,1,1,alta,"Risco de attrition, Início de carreira"
618,No,0,0,alta,Estáveis e engajados
620,No,1,1,alta,"Risco de attrition, Início de carreira"
621,No,0,0,alta,Estáveis e engajados
622,Yes,1,1,alta,"Risco de attrition, Início de carreira"
623,No,1,1,alta,"Risco de attrition, Início de carreira"
624,No,1,1,alta,"Risco de attrition, Início de carreira"
625,No,0,0,alta,Estáveis e engajados
626,No,0,0,alta,Estáveis e engajados
630,No,0,0,alta,Estáveis e engajados
631,Yes,0,0,alta,Estáveis e engajados
632,No,0,0,alta,Estáveis e engajados
634,No,1,1,alta,"Risco de attrition, Início de carreira"
635,No,1,1,baixa,"Risco de attrition, Início de carreira"
638,No,0,0,alta,Estáveis e engajados
639,No,1,1,baixa,"Risco de attrition, Início de carreira"
641,No,0,0,alta,Estáveis e engajados
643,No,1,1,alta,"Risco de attrition, Início de carreira"
644,No,0,0,alta,Estáveis e engajados
645,No,0,0,alta,Estáveis e engajados
647,Yes,1,1,alta,"Risco de attrition, Início de carreira"
648,Yes,1,1,baixa,"Risco de attrition, Início de carreira"
649,No,1,1,alta,"Risco de attrition, Início de carreira"
650,Yes,0,0,alta,Estáveis e engajados
652,No,1,1,alta,"Risco de attrition, Início de carreira"
653,No,0,0,alta,Estáveis e engajados
655,No,1,1,alta,"Risco de attrition, Início de carreira"
656,No,0,0,alta,Estáveis e engajados
657,No,1,1,alta,"Risco de attrition, Início de carreira"
659,No,1,1,baixa,"Risco de attrition, Início de carreira"
661,No,1,1,alta,"Risco de attrition, Início de carreira"
662,No,1,1,alta,"Risco de attrition, Início de carreira"
663,No,0,0,alta,Estáveis e engajados
664,No,0,0,media,Estáveis e engajados
665,No,1,1,alta,"Risco de attrition, Início de carreira"
666,No,1,1,baixa,"Risco de attrition, Início de carreira"
667,Yes,0,0,alta,Estáveis e engajados
669,No,1,1,baixa,"Risco de attrition, Início de carreira"
671,No,0,0,alta,Estáveis e engajados
675,No,1,1,alta,"Risco de attrition, Início de carreira"
677,No,0,0,alta,Estáveis e engajados
679,No,1,1,alta,"Risco de attrition, Início de carreira"
680,No,1,1,alta,"Risco de attrition, Início de carreira"
682,No,0,0,alta,Estáveis e engajados
683,No,0,0,alta,Estáveis e engajados
684,Yes,0,0,baixa,Estáveis e engajados
686,No,1,1,alta,"Risco de attrition, Início de carreira"
689,No,0,0,alta,Estáveis e engajados
690,No,0,0,alta,Estáveis e engajados
691,No,1,1,baixa,"Risco de attrition, Início de carreira"
692,No,0,0,alta,Estáveis e engajados
698,No,0,0,alta,Estáveis e engajados
699,No,1,1,media,"Risco de attrition, Início de carreira"
700,No,1,1,alta,"Risco de attrition, Início de carreira"
701,Yes,1,1,alta,"Risco de attrition, Início de carreira"
702,Yes,1,1,alta,"Risco de attrition, Início de carreira"
704,No,1,1,media,"Risco de attrition, Início de carreira"
705,No,1,1,media,"Risco de attrition, Início de carreira"
707,No,0,0,alta,Estáveis e engajados
709,No,0,0,media,Estáveis e engajados
710,No,1,1,alta,"Risco de attrition, Início de carreira"
712,No,0,0,alta,Estáveis e engajados
714,No,0,0,alta,Estáveis e engajados
715,No,1,1,alta,"Risco de attrition, Início de carreira"
716,No,0,0,alta,Estáveis e engajados
717,No,1,1,baixa,"Risco de attrition, Início de carreira"
720,Yes,1,1,alta,"Risco de attrition, Início de carreira"
721,No,1,1,alta,"Risco de attrition, Início de carreira"
722,No,0,0,alta,Estáveis e engajados
723,Yes,0,0,alta,Estáveis e engajados
724,No,1,1,alta,"Risco de attrition, Início de carreira"
725,No,1,1,baixa,"Risco de attrition, Início de carreira"
727,No,1,1,alta,"Risco de attrition, Início de carreira"
728,No,0,0,alta,Estáveis e engajados
729,No,0,0,alta,Estáveis e engajados
730,No,0,0,alta,Estáveis e engajados
731,No,0,0,alta,Estáveis e engajados
732,No,0,0,media,Estáveis e engajados
733,No,0,0,alta,Estáveis e engajados
734,No,0,0,alta,Estáveis e engajados
738,No,0,0,alta,Estáveis e engajados
741,Yes,1,1,alta,"Risco de attrition, Início de carreira"
742,No,1,1,baixa,"Risco de attrition, Início de carreira"
743,No,1,1,alta,"Risco de attrition, Início de carreira"
744,No,1,1,alta,"Risco de attrition, Início de carreira"
746,No,0,0,alta,Estáveis e engajados
747,No,0,0,alta,Estáveis e engajados
749,No,1,1,alta,"Risco de attrition, Início de carreira"
752,Yes,1,1,alta,"Risco de attrition, Início de carreira"
754,No,0,0,alta,Estáveis e engajados
757,No,1,1,alta,"Risco de attrition, Início de carreira"
758,No,1,1,alta,"Risco de attrition, Início de carreira"
760,No,0,0,alta,Estáveis e engajados
762,No,0,0,alta,Estáveis e engajados
763,No,1,1,alta,"Risco de attrition, Início de carreira"
764,No,1,1,alta,"Risco de attrition, Início de carreira"
766,No,0,0,alta,Estáveis e engajados
769,No,1,1,alta,"Risco de attrition, Início de carreira"
771,No,1,1,alta,"Risco de attrition, Início de carreira"
772,No,0,0,alta,Estáveis e engajados
773,No,1,1,alta,"Risco de attrition, Início de carreira"
775,No,1,1,alta,"Risco de attrition, Início de carreira"
776,No,0,0,alta,Estáveis e engajados
780,Yes,1,1,alta,"Risco de attrition, Início de carreira"
781,No,0,0,alta,Estáveis e engajados
783,No,0,0,alta,Estáveis e engajados
784,No,1,1,alta,"Risco de attrition, Início de carreira"
785,Yes,1,1,alta,"Risco de attrition, Início de carreira"
786,No,0,0,alta,Estáveis e engajados
787,Yes,0,0,alta,Estáveis e engajados
789,No,0,0,alta,Estáveis e engajados
791,No,0,0,media,Estáveis e engajados
792,No,1,1,alta,"Risco de attrition, Início de carreira"
793,No,1,1,baixa,"Risco de attrition, Início de carreira"
796,Yes,0,0,alta,Estáveis e engajados
797,No,1,1,alta,"Risco de attrition, Início de carreira"
799,No,1,1,alta,"Risco de attrition, Início de carreira"
800,No,0,0,alta,Estáveis e engajados
802,No,1,1,alta,"Risco de attrition, Início de carreira"
803,No,1,1,alta,"Risco de attrition, Início de carreira"
804,No,1,1,alta,"Risco de attrition, Início de carreira"
805,No,1,1,media,"Risco de attrition, Início de carreira"
806,No,0,0,media,Estáveis e engajados
807,No,0,0,media,Estáveis e engajados
808,No,0,0,alta,Estáveis e engajados
809,No,0,0,alta,Estáveis e engajados
811,Yes,1,1,alta,"Risco de attrition, Início de carreira"
812,No,1,1,alta,"Risco de attrition, Início de carreira"
813,No,1,1,baixa,"Risco de attrition, Início de carreira"
815,No,0,0,alta,Estáveis e engajados
816,Yes,1,1,alta,"Risco de attrition, Início de carreira"
817,No,0,0,alta,Estáveis e engajados
819,Yes,1,1,alta,"Risco de attrition, Início de carreira"
820,No,0,0,baixa,Estáveis e engajados
823,No,0,0,alta,Estáveis e engajados
824,No,0,0,media,Estáveis e engajados
825,Yes,0,0,alta,Estáveis e engajados
826,No,1,1,alta,"Risco de attrition, Início de carreira"
827,No,1,1,baixa,"Risco de attrition, Início de carreira"
828,Yes,1,1,alta,"Risco de attrition, Início de carreira"
829,No,0,0,alta,Estáveis e engajados
830,No,0,0,alta,Estáveis e engajados
832,No,1,1,alta,"Risco de attrition, Início de carreira"
833,No,1,1,alta,"Risco de attrition, Início de carreira"
834,No,1,1,alta,"Risco de attrition, Início de carreira"
836,No,0,0,alta,Estáveis e engajados
837,No,1,1,baixa,"Risco de attrition, Início de carreira"
838,No,1,1,alta,"Risco de attrition, Início de carreira"
840,Yes,0,0,alta,Estáveis e engajados
842,Yes,0,0,alta,Estáveis e engajados
843,No,1,1,media,"Risco de attrition, Início de carreira"
844,No,0,0,alta,Estáveis e engajados
845,No,0,0,media,Estáveis e engajados
846,No,0,0,alta,Estáveis e engajados
847,No,0,0,media,Estáveis e engajados
848,Yes,1,1,alta,"Risco de attrition, Início de carreira"
850,No,1,1,alta,"Risco de attrition, Início de carreira"
851,No,0,0,alta,Estáveis e engajados
852,No,1,1,alta,"Risco de attrition, Início de carreira"
854,No,1,1,alta,"Risco de attrition, Início de carreira"
855,No,0,0,alta,Estáveis e engajados
856,No,1,1,alta,"Risco de attrition, Início de carreira"
857,No,0,0,alta,Estáveis e engajados
859,No,0,0,alta,Estáveis e engajados
861,No,1,1,alta,"Risco de attrition, Início de carreira"
862,No,0,0,alta,Estáveis e engajados
864,No,0,0,alta,Estáveis e engajados
865,No,1,1,alta,"Risco de attrition, Início de carreira"
867,No,1,1,alta,"Risco de attrition, Início de carreira"
868,No,0,0,alta,Estáveis e engajados
869,No,0,0,media,Estáveis e engajados
872,No,0,0,alta,Estáveis e engajados
874,No,1,1,alta,"Risco de attrition, Início de carreira"
875,No,1,1,alta,"Risco de attrition, Início de carreira"
878,No,1,1,baixa,"Risco de attrition, Início de carreira"
879,No,0,0,alta,Estáveis e engajados
880,No,0,0,alta,Estáveis e engajados
881,Yes,1,1,alta,"Risco de attrition, Início de carreira"
882,No,1,1,alta,"Risco de attrition, Início de carreira"
885,No,0,0,alta,Estáveis e engajados
887,No,1,1,alta,"Risco de attrition, Início de carreira"
888,No,1,1,baixa,"Risco de attrition, Início de carreira"
889,No,0,0,alta,Estáveis e engajados
893,No,0,0,alta,Estáveis e engajados
894,No,0,0,baixa,Estáveis e engajados
895,No,0,0,baixa,Estáveis e engajados
896,Yes,1,1,alta,"Risco de attrition, Início de carreira"
897,No,0,0,alta,Estáveis e engajados
899,No,0,0,alta,Estáveis e engajados
900,No,0,0,alta,Estáveis e engajados
901,No,1,1,alta,"Risco de attrition, Início de carreira"
902,No,0,0,baixa,Estáveis e engajados
903,No,0,0,alta,Estáveis e engajados
904,No,0,0,alta,Estáveis e engajados
905,No,0,0,alta,Estáveis e engajados
909,No,0,0,alta,Estáveis e engajados
910,No,0,0,alta,Estáveis e engajados
911,Yes,1,1,alta,"Risco de attrition, Início de carreira"
912,No,1,1,alta,"Risco de attrition, Início de carreira"
913,No,1,1,alta,"Risco de attrition, Início de carreira"
916,No,0,0,alta,Estáveis e engajados
918,Yes,1,1,alta,"Risco de attrition, Início de carreira"
920,No,1,1,alta,"Risco de attrition, Início de carreira"
922,Yes,1,1,alta,"Risco de attrition, Início de carreira"
923,Yes,1,1,alta,"Risco de attrition, Início de carreira"
924,No,0,0,alta,Estáveis e engajados
925,No,1,1,alta,"Risco de attrition, Início de carreira"
926,Yes,1,1,alta,"Risco de attrition, Início de carreira"
927,Yes,1,1,alta,"Risco de attrition, Início de carreira"
930,No,1,1,alta,"Risco de attrition, Início de carreira"
932,Yes,1,1,alta,"Risco de attrition, Início de carreira"
933,No,1,1,alta,"Risco de attrition, Início de carreira"
934,No,1,1,alta,"Risco de attrition, Início de carreira"
936,No,0,0,baixa,Estáveis e engajados
939,No,1,1,alta,"Risco de attrition, Início de carreira"
940,No,1,1,alta,"Risco de attrition, Início de carreira"
941,No,0,0,alta,Estáveis e engajados
942,No,0,0,baixa,Estáveis e engajados
944,No,0,0,baixa,Estáveis e engajados
945,No,1,1,media,"Risco de attrition, Início de carreira"
947,No,0,0,alta,Estáveis e engajados
949,No,1,1,alta,"Risco de attrition, Início de carreira"
950,No,0,0,alta,Estáveis e engajados
951,No,1,1,alta,"Risco de attrition, Início de carreira"
952,Yes,0,0,alta,Estáveis e engajados
954,No,0,0,alta,Estáveis e engajados
956,No,0,0,alta,Estáveis e engajados
957,No,1,1,media,"Risco de attrition, Início de carreira"
958,No,1,1,alta,"Risco de attrition, Início de carreira"
959,Yes,1,1,media,"Risco de attrition, Início de carreira"
960,Yes,1,1,alta,"Risco de attrition, Início de carreira"
961,No,0,0,alta,Estáveis e engajados
964,No,1,1,alta,"Risco de attrition, Início de carreira"
966,No,0,0,baixa,Estáveis e engajados
967,Yes,0,0,alta,Estáveis e engajados
969,No,1,1,alta,"Risco de attrition, Início de carreira"
970,Yes,0,0,alta,Estáveis e engajados
972,No,0,0,alta,Estáveis e engajados
974,No,0,0,media,Estáveis e engajados
975,No,0,0,alta,Estáveis e engajados
976,No,0,0,alta,Estáveis e engajados
977,Yes,1,1,alta,"Risco de attrition, Início de carreira"
981,No,0,0,alta,Estáveis e engajados
982,No,0,0,alta,Estáveis e engajados
983,No,1,1,baixa,"Risco de attrition, Início de carreira"
984,No,0,0,alta,Estáveis e engajados
985,No,0,0,alta,Estáveis e engajados
986,Yes,1,1,alta,"Risco de attrition, Início de carreira"
987,No,0,0,alta,Estáveis e engajados
990,No,0,0,alta,Estáveis e engajados
991,Yes,1,1,alta,"Risco de attrition, Início de carreira"
992,No,0,0,alta,Estáveis e engajados
994,Yes,1,1,alta,"Risco de attrition, Início de carreira"
995,No,1,1,alta,"Risco de attrition, Início de carreira"
996,No,1,1,alta,"Risco de attrition, Início de carreira"
997,No,0,0,media,Estáveis e engajados
998,No,0,0,baixa,Estáveis e engajados
999,No,0,0,alta,Estáveis e engajados
1001,No,1,1,alta,"Risco de attrition, Início de carreira"
1002,No,0,0,alta,Estáveis e engajados
1003,No,1,1,media,"Risco de attrition, Início de carreira"
1004,Yes,1,1,alta,"Risco de attrition, Início de carreira"
1005,No,0,0,alta,Estáveis e engajados
1006,No,1,1,media,"Risco de attrition, Início de carreira"
1007,No,0,0,alta,Estáveis e engajados
1009,No,1,1,media,"Risco de attrition, Início de carreira"
1010,Yes,1,1,alta,"Risco de attrition, Início de carreira"
1011,No,1,1,alta,"Risco de attrition, Início de carreira"
1012,No,1,1,alta,"Risco de attrition, Início de carreira"
1013,No,0,0,alta,Estáveis e engajados
1014,No,1,1,baixa,"Risco de attrition, Início de carreira"
1015,No,1,1,media,"Risco de attrition, Início de carreira"
1016,Yes,1,1,alta,"Risco de attrition, Início de carreira"
1017,Yes,1,1,alta,"Risco de attrition, Início de carreira"
1018,No,0,0,alta,Estáveis e engajados
1019,No,1,1,baixa,"Risco de attrition, Início de carreira"
1022,No,1,1,alta,"Risco de attrition, Início de carreira"
1024,No,0,0,alta,Estáveis e engajados
1025,No,1,1,alta,"Risco de attrition, Início de carreira"
1026,No,0,0,alta,Estáveis e engajados
1027,No,1,1,alta,"Risco de attrition, Início de carreira"
1028,No,1,1,alta,"Risco de attrition, Início de carreira"
1029,No,0,0,alta,Estáveis e engajados
1030,No,1,1,alta,"Risco de attrition, Início de carreira"
1032,No,1,1,alta,"Risco de attrition, Início de carreira"
1033,Yes,1,1,alta,"Risco de attrition, Início de carreira"
1034,No,0,0,alta,Estáveis e engajados
1035,No,0,0,baixa,Estáveis e engajados
1036,No,0,0,media,Estáveis e engajados
1037,Yes,0,0,media,Estáveis e engajados
1038,Yes,0,0,alta,Estáveis e engajados
1039,No,0,0,alta,Estáveis e engajados
1040,No,0,0,alta,Estáveis e engajados
1042,Yes,1,1,alta,"Risco de attrition, Início de carreira"
1043,No,1,1,alta,"Risco de attrition, Início de carreira"
1044,No,1,1,alta,"Risco de attrition, Início de carreira"
1045,No,0,0,alta,Estáveis e engajados
1046,No,1,1,alta,"Risco de attrition, Início de carreira"
1047,No,0,0,alta,Estáveis e engajados
1048,No,0,0,alta,Estáveis e engajados
1049,No,1,1,alta,"Risco de attrition, Início de carreira"
1050,No,0,0,alta,Estáveis e engajados
1052,Yes,1,1,alta,"Risco de attrition, Início de carreira"
1053,Yes,1,1,alta,"Risco de attrition, Início de carreira"
1055,No,1,1,alta,"Risco de attrition, Início de carreira"
1056,No,0,0,alta,Estáveis e engajados
1060,No,0,0,media,Estáveis e engajados
1061,No,0,0,alta,Estáveis e engajados
1062,No,1,1,alta,"Risco de attrition, Início de carreira"
1066,No,0,0,alta,Estáveis e engajados
1068,No,1,1,alta,"Risco de attrition, Início de carreira"
1069,No,0,0,media,Estáveis e engajados
1070,No,0,0,alta,Estáveis e engajados
1071,No,1,1,alta,"Risco de attrition, Início de carreira"
1073,No,1,1,alta,"Risco de attrition, Início de carreira"
1074,No,0,0,alta,Estáveis e engajados
1076,No,0,0,alta,Estáveis e engajados
1077,Yes,1,1,alta,"Risco de attrition, Início de carreira"
1079,Yes,1,1,alta,"Risco de attrition, Início de carreira"
1080,No,1,1,alta,"Risco de attrition, Início de carreira"
1081,Yes,1,1,baixa,"Risco de attrition, Início de carreira"
1082,Yes,1,1,media,"Risco de attrition, Início de carreira"
1083,No,0,0,alta,Estáveis e engajados
1084,No,0,0,alta,Estáveis e engajados
1085,No,1,1,alta,"Risco de attrition, Início de carreira"
1088,No,0,0,alta,Estáveis e engajados
1092,No,0,0,alta,Estáveis e engajados
1094,No,1,1,alta,"Risco de attrition, Início de carreira"
1096,No,0,0,alta,Estáveis e engajados
1097,No,1,1,alta,"Risco de attrition, Início de carreira"
1098,Yes,0,0,alta,Estáveis e engajados
1099,No,0,0,baixa,Estáveis e engajados
1100,Yes,0,0,alta,Estáveis e engajados
1101,Yes,1,1,alta,"Risco de attrition, Início de carreira"
1102,No,1,1,alta,"Risco de attrition, Início de carreira"
1103,No,1,1,alta,"Risco de attrition, Início de carreira"
1105,No,0,0,media,Estáveis e engajados
1106,Yes,0,0,alta,Estáveis e engajados
1107,Yes,1,1,alta,"Risco de attrition, Início de carreira"
1108,Yes,1,1,alta,"Risco de attrition, Início de carreira"
1109,No,0,0,alta,Estáveis e engajados
1111,Yes,1,1,alta,"Risco de attrition, Início de carreira"
1113,Yes,0,0,alta,Estáveis e engajados
1114,No,0,0,alta,Estáveis e engajados
1115,No,1,1,alta,"Risco de attrition, Início de carreira"
1116,No,1,1,alta,"Risco de attrition, Início de carreira"
1117,No,0,0,alta,Estáveis e engajados
1118,No,1,1,alta,"Risco de attrition, Início de carreira"
1119,No,0,0,alta,Estáveis e engajados
1120,No,1,1,alta,"Risco de attrition, Início de carreira"
1121,No,0,0,baixa,Estáveis e engajados
1124,No,0,0,alta,Estáveis e engajados
1125,No,0,0,alta,Estáveis e engajados
1126,No,1,1,alta,"Risco de attrition, Início de carreira"
1127,Yes,0,0,alta,Estáveis e engajados
1128,No,0,0,alta,Estáveis e engajados
1131,No,1,1,alta,"Risco de attrition, Início de carreira"
1132,No,1,1,alta,"Risco de attrition, Início de carreira"
1133,No,1,1,alta,"Risco de attrition, Início de carreira"
1135,No,0,0,alta,Estáveis e engajados
1136,No,1,1,alta,"Risco de attrition, Início de carreira"
1137,No,0,0,alta,Estáveis e engajados
1138,No,0,0,alta,Estáveis e engajados
1140,No,1,1,alta,"Risco de attrition, Início de carreira"
1143,No,1,1,alta,"Risco de attrition, Início de carreira"
1148,No,1,1,alta,"Risco de attrition, Início de carreira"
1150,No,0,0,alta,Estáveis e engajados
1152,No,0,0,alta,Estáveis e engajados
1154,No,1,1,alta,"Risco de attrition, Início de carreira"
1156,Yes,1,1,alta,"Risco de attrition, Início de carreira"
1157,Yes,1,1,alta,"Risco de attrition, Início de carreira"
1158,No,0,0,baixa,Estáveis e engajados
1160,Yes,0,0,baixa,Estáveis e engajados
1161,No,1,1,alta,"Risco de attrition, Início de carreira"
1162,No,1,1,alta,"Risco de attrition, Início de carreira"
1163,No,0,0,alta,Estáveis e engajados
1164,No,1,1,alta,"Risco de attrition, Início de carreira"
1165,Yes,0,0,alta,Estáveis e engajados
1166,No,1,1,alta,"Risco de attrition, Início de carreira"
1167,Yes,0,0,alta,Estáveis e engajados
1171,No,0,0,alta,Estáveis e engajados
1172,No,0,0,alta,Estáveis e engajados
1173,No,1,1,alta,"Risco de attrition, Início de carreira"
1175,Yes,1,1,alta,"Risco de attrition, Início de carreira"
1177,No,0,0,alta,Estáveis e engajados
1179,No,0,0,alta,Estáveis e engajados
1180,No,1,1,alta,"Risco de attrition, Início de carreira"
1182,No,0,0,alta,Estáveis e engajados
1184,No,0,0,baixa,Estáveis e engajados
1185,No,0,0,alta,Estáveis e engajados
1188,Yes,1,1,alta,"Risco de attrition, Início de carreira"
1190,No,1,1,alta,"Risco de attrition, Início de carreira"
1191,No,1,1,alta,"Risco de attrition, Início de carreira"
1192,No,0,0,media,Estáveis e engajados
1193,No,1,1,alta,"Risco de attrition, Início de carreira"
1195,No,1,1,alta,"Risco de attrition, Início de carreira"
1196,No,0,0,alta,Estáveis e engajados
1198,No,1,1,alta,"Risco de attrition, Início de carreira"
1200,Yes,1,1,alta,"Risco de attrition, Início de carreira"
1201,No,0,0,alta,Estáveis e engajados
1202,No,1,1,alta,"Risco de attrition, Início de carreira"
1203,Yes,1,1,baixa,"Risco de attrition, Início de carreira"
1204,No,0,0,alta,Estáveis e engajados
1206,No,1,1,alta,"Risco de attrition, Início de carreira"
1207,No,0,0,media,Estáveis e engajados
1210,Yes,1,1,alta,"Risco de attrition, Início de carreira"
1211,No,0,0,alta,Estáveis e engajados
1212,No,0,0,alta,Estáveis e engajados
1215,No,1,1,media,"Risco de attrition, Início de carreira"
1216,No,0,0,alta,Estáveis e engajados
1217,No,0,0,alta,Estáveis e engajados
1218,No,0,0,alta,Estáveis e engajados
1219,Yes,1,1,alta,"Risco de attrition, Início de carreira"
1220,No,0,0,alta,Estáveis e engajados
1221,No,0,0,alta,Estáveis e engajados
1224,No,0,0,alta,Estáveis e engajados
1225,No,0,0,baixa,Estáveis e engajados
1226,No,1,1,alta,"Risco de attrition, Início de carreira"
1228,No,0,0,alta,Estáveis e engajados
1231,No,0,0,alta,Estáveis e engajados
1233,No,0,0,alta,Estáveis e engajados
1234,No,1,1,alta,"Risco de attrition, Início de carreira"
1235,No,1,1,alta,"Risco de attrition, Início de carreira"
1237,No,1,1,media,"Risco de attrition, Início de carreira"
1238,No,0,0,alta,Estáveis e engajados
1239,No,0,0,media,Estáveis e engajados
1240,No,0,0,alta,Estáveis e engajados
1241,No,0,0,alta,Estáveis e engajados
1242,No,1,1,alta,"Risco de attrition, Início de carreira"
1243,No,0,0,alta,Estáveis e engajados
1244,No,0,0,alta,Estáveis e engajados
1245,No,1,1,baixa,"Risco de attrition, Início de carreira"
1246,No,1,1,alta,"Risco de attrition, Início de carreira"
1248,Yes,1,1,alta,"Risco de attrition, Início de carreira"
1249,No,1,1,alta,"Risco de attrition, Início de carreira"
1250,No,0,0,alta,Estáveis e engajados
1251,No,0,0,baixa,Estáveis e engajados
1252,No,1,1,alta,"Risco de attrition, Início de carreira"
1254,No,1,1,media,"Risco de attrition, Início de carreira"
1255,No,0,0,alta,Estáveis e engajados
1256,No,1,1,media,"Risco de attrition, Início de carreira"
1257,No,1,1,baixa,"Risco de attrition, Início de carreira"
1258,No,1,1,alta,"Risco de attrition, Início de carreira"
1259,No,1,1,alta,"Risco de attrition, Início de carreira"
1260,No,0,0,baixa,Estáveis e engajados
1263,No,1,1,alta,"Risco de attrition, Início de carreira"
1264,No,1,1,media,"Risco de attrition, Início de carreira"
1265,No,1,1,alta,"Risco de attrition, Início de carreira"
1267,No,0,0,alta,Estáveis e engajados
1268,No,0,0,alta,Estáveis e engajados
1269,No,1,1,alta,"Risco de attrition, Início de carreira"
1270,No,1,1,alta,"Risco de attrition, Início de carreira"
1273,Yes,1,1,alta,"Risco de attrition, Início de carreira"
1275,No,1,1,alta,"Risco de attrition, Início de carreira"
1277,Yes,1,1,media,"Risco de attrition, Início de carreira"
1278,No,0,0,alta,Estáveis e engajados
1279,Yes,1,1,alta,"Risco de attrition, Início de carreira"
1280,No,0,0,alta,Estáveis e engajados
1281,No,1,1,alta,"Risco de attrition, Início de carreira"
1282,No,0,0,alta,Estáveis e engajados
1283,No,0,0,media,Estáveis e engajados
1285,No,1,1,baixa,"Risco de attrition, Início de carreira"
1286,No,1,1,alta,"Risco de attrition, Início de carreira"
1288,No,0,0,alta,Estáveis e engajados
1289,No,0,0,alta,Estáveis e engajados
1291,No,1,1,alta,"Risco de attrition, Início de carreira"
1292,No,1,1,alta,"Risco de attrition, Início de carreira"
1293,No,0,0,alta,Estáveis e engajados
1294,No,1,1,alta,"Risco de attrition, Início de carreira"
1295,Yes,1,1,alta,"Risco de attrition, Início de carreira"
1296,No,0,0,alta,Estáveis e engajados
1297,No,1,1,alta,"Risco de attrition, Início de carreira"
1298,No,1,1,alta,"Risco de attrition, Início de carreira"
1299,Yes,1,1,media,"Risco de attrition, Início de carreira"
1301,No,1,1,alta,"Risco de attrition, Início de carreira"
1303,No,1,1,alta,"Risco de attrition, Início de carreira"
1304,No,0,0,alta,Estáveis e engajados
1306,No,1,1,alta,"Risco de attrition, Início de carreira"
1307,No,1,1,alta,"Risco de attrition, Início de carreira"
1308,No,1,1,alta,"Risco de attrition, Início de carreira"
1309,Yes,0,0,alta,Estáveis e engajados
1310,Yes,1,1,alta,"Risco de attrition, Início de carreira"
1311,No,0,0,alta,Estáveis e engajados
1312,No,0,0,baixa,Estáveis e engajados
1314,No,1,1,media,"Risco de attrition, Início de carreira"
1315,No,0,0,alta,Estáveis e engajados
1317,No,1,1,media,"Risco de attrition, Início de carreira"
1318,Yes,0,0,alta,Estáveis e engajados
1319,Yes,0,0,alta,Estáveis e engajados
1321,No,1,1,alta,"Risco de attrition, Início de carreira"
1322,No,1,1,baixa,"Risco de attrition, Início de carreira"
1324,No,0,0,alta,Estáveis e engajados
1329,No,0,0,alta,Estáveis e engajados
1331,Yes,1,1,alta,"Risco de attrition, Início de carreira"
1333,Yes,1,1,alta,"Risco de attrition, Início de carreira"
1334,No,0,0,alta,Estáveis e engajados
1336,No,0,0,alta,Estáveis e engajados
1338,No,0,0,alta,Estáveis e engajados
1340,No,1,1,alta,"Risco de attrition, Início de carreira"
1344,No,0,0,alta,Estáveis e engajados
1346,No,1,1,media,"Risco de attrition, Início de carreira"
1349,No,0,0,alta,Estáveis e engajados
1350,No,1,1,alta,"Risco de attrition, Início de carreira"
1352,No,0,0,alta,Estáveis e engajados
1355,No,0,0,alta,Estáveis e engajados
1356,No,0,0,alta,Estáveis e engajados
1358,No,0,0,alta,Estáveis e engajados
1360,Yes,0,0,baixa,Estáveis e engajados
1361,No,1,1,alta,"Risco de attrition, Início de carreira"
1362,No,0,0,alta,Estáveis e engajados
1363,No,1,1,baixa,"Risco de attrition, Início de carreira"
1364,No,0,0,media,Estáveis e engajados
1367,No,1,1,alta,"Risco de attrition, Início de carreira"
1368,No,1,1,alta,"Risco de attrition, Início de carreira"
1369,No,0,0,media,Estáveis e engajados
1371,No,0,0,alta,Estáveis e engajados
1372,Yes,0,0,alta,Estáveis e engajados
1373,No,0,0,alta,Estáveis e engajados
1374,No,1,1,alta,"Risco de attrition, Início de carreira"
1375,No,1,1,baixa,"Risco de attrition, Início de carreira"
1377,No,0,0,alta,Estáveis e engajados
1379,Yes,1,1,alta,"Risco de attrition, Início de carreira"
1380,Yes,0,0,alta,Estáveis e engajados
1382,No,1,1,alta,"Risco de attrition, Início de carreira"
1383,No,1,1,alta,"Risco de attrition, Início de carreira"
1387,No,0,0,alta,Estáveis e engajados
1389,Yes,0,0,alta,Estáveis e engajados
1390,No,0,0,alta,Estáveis e engajados
1391,No,0,0,alta,Estáveis e engajados
1392,No,1,1,alta,"Risco de attrition, Início de carreira"
1394,No,1,1,media,"Risco de attrition, Início de carreira"
1395,No,0,0,alta,Estáveis e engajados
1396,No,0,0,alta,Estáveis e engajados
1397,No,0,0,alta,Estáveis e engajados
1399,No,0,0,alta,Estáveis e engajados
1401,No,1,1,baixa,"Risco de attrition, Início de carreira"
1402,No,1,1,alta,"Risco de attrition, Início de carreira"
1403,No,0,0,alta,Estáveis e engajados
1405,Yes,1,1,alta,"Risco de attrition, Início de carreira"
1407,No,1,1,alta,"Risco de attrition, Início de carreira"
1408,No,0,0,alta,Estáveis e engajados
1409,No,1,1,alta,"Risco de attrition, Início de carreira"
1411,No,1,1,alta,"Risco de attrition, Início de carreira"
1412,No,1,1,alta,"Risco de attrition, Início de carreira"
1415,No,0,0,baixa,Estáveis e engajados
1417,No,1,1,alta,"Risco de attrition, Início de carreira"
1419,No,0,0,alta,Estáveis e engajados
1420,Yes,1,1,alta,"Risco de attrition, Início de carreira"
1421,Yes,1,1,alta,"Risco de attrition, Início de carreira"
1422,No,1,1,alta,"Risco de attrition, Início de carreira"
1423,No,0,0,media,Estáveis e engajados
1424,No,0,0,baixa,Estáveis e engajados
1425,No,1,1,alta,"Risco de attrition, Início de carreira"
1427,Yes,1,1,alta,"Risco de attrition, Início de carreira"
1428,No,0,0,alta,Estáveis e engajados
1430,No,1,1,alta,"Risco de attrition, Início de carreira"
1431,No,1,1,alta,"Risco de attrition, Início de carreira"
1433,Yes,1,1,alta,"Risco de attrition, Início de carreira"
1434,No,1,1,baixa,"Risco de attrition, Início de carreira"
1435,No,1,1,alta,"Risco de attrition, Início de carreira"
1436,No,0,0,alta,Estáveis e engajados
1438,No,1,1,alta,"Risco de attrition, Início de carreira"
1439,Yes,0,0,alta,Estáveis e engajados
1440,No,1,1,alta,"Risco de attrition, Início de carreira"
1441,No,1,1,alta,"Risco de attrition, Início de carreira"
1443,No,0,0,baixa,Estáveis e engajados
1445,No,0,0,alta,Estáveis e engajados
1446,No,0,0,alta,Estáveis e engajados
1447,No,1,1,alta,"Risco de attrition, Início de carreira"
1448,No,1,1,alta,"Risco de attrition, Início de carreira"
1449,No,0,0,alta,Estáveis e engajados
1453,No,0,0,alta,Estáveis e engajados
1457,Yes,0,0,alta,Estáveis e engajados
1458,Yes,1,1,alta,"Risco de attrition, Início de carreira"
1459,Yes,1,1,alta,"Risco de attrition, Início de carreira"
1460,No,0,0,alta,Estáveis e engajados
1461,No,1,1,alta,"Risco de attrition, Início de carreira"
1464,Yes,1,1,alta,"Risco de attrition, Início de carreira"
1465,No,0,0,alta,Estáveis e engajados
1466,No,0,0,alta,Estáveis e engajados
1467,Yes,1,1,alta,"Risco de attrition, Início de carreira"
1468,No,0,0,alta,Estáveis e engajados
1469,No,0,0,alta,Estáveis e engajados
1471,No,1,1,alta,"Risco de attrition, Início de carreira"
1472,No,0,0,alta,Estáveis e engajados
1473,No,0,0,alta,Estáveis e engajados
1474,No,1,1,alta,"Risco de attrition, Início de carreira"
1475,No,1,1,alta,"Risco de attrition, Início de carreira"
1477,No,0,0,alta,Estáveis e engajados
1478,No,0,0,alta,Estáveis e engajados
1479,No,0,0,alta,Estáveis e engajados
1480,No,1,1,alta,"Risco de attrition, Início de carreira"
1481,No,0,0,alta,Estáveis e engajados
1482,No,1,1,alta,"Risco de attrition, Início de carreira"
1483,No,0,0,alta,Estáveis e engajados
1484,No,0,0,alta,Estáveis e engajados
1485,No,0,0,alta,Estáveis e engajados
1486,Yes,0,0,alta,Estáveis e engajados
1487,Yes,1,1,alta,"Risco de attrition, Início de carreira"
1489,Yes,0,0,alta,Estáveis e engajados
1492,No,0,0,alta,Estáveis e engajados
1494,Yes,1,1,alta,"Risco de attrition, Início de carreira"
1495,No,1,1,alta,"Risco de attrition, Início de carreira"
1496,No,1,1,alta,"Risco de attrition, Início de carreira"
1497,No,0,0,alta,Estáveis e engajados
1499,No,0,0,alta,Estáveis e engajados
1501,No,0,0,alta,Estáveis e engajados
1502,No,1,1,alta,"Risco de attrition, Início de carreira"
1503,No,0,0,alta,Estáveis e engajados
1504,Yes,1,1,alta,"Risco de attrition, Início de carreira"
1506,No,1,1,alta,"Risco de attrition, Início de carreira"
1507,No,0,0,alta,Estáveis e engajados
1509,No,1,1,baixa,"Risco de attrition, Início de carreira"
1513,No,1,1,alta,"Risco de attrition, Início de carreira"
1514,No,0,0,alta,Estáveis e engajados
1515,No,1,1,alta,"Risco de attrition, Início de carreira"
1516,No,1,1,alta,"Risco de attrition, Início de carreira"
1520,No,1,1,alta,"Risco de attrition, Início de carreira"
1522,Yes,1,1,alta,"Risco de attrition, Início de carreira"
1523,No,0,0,alta,Estáveis e engajados
1525,No,1,1,alta,"Risco de attrition, Início de carreira"
1527,No,0,0,alta,Estáveis e engajados
1529,No,1,1,alta,"Risco de attrition, Início de carreira"
1533,No,1,1,alta,"Risco de attrition, Início de carreira"
1534,Yes,1,1,alta,"Risco de attrition, Início de carreira"
1535,No,0,0,alta,Estáveis e engajados
1537,Yes,1,1,alta,"Risco de attrition, Início de carreira"
1539,No,1,1,baixa,"Risco de attrition, Início de carreira"
1541,No,0,0,alta,Estáveis e engajados
1542,No,0,0,alta,Estáveis e engajados
1543,No,0,0,alta,Estáveis e engajados
1544,No,0,0,media,Estáveis e engajados
1545,No,1,1,alta,"Risco de attrition, Início de carreira"
1546,No,1,1,alta,"Risco de attrition, Início de carreira"
1547,No,0,0,alta,Estáveis e engajados
1548,No,0,0,alta,Estáveis e engajados
1549,No,0,0,alta,Estáveis e engajados
1550,No,0,0,alta,Estáveis e engajados
1551,No,1,1,alta,"Risco de attrition, Início de carreira"
1552,No,1,1,alta,"Risco de attrition, Início de carreira"
1553,No,0,0,alta,Estáveis e engajados
1554,No,0,0,alta,Estáveis e engajados
1555,No,1,1,alta,"Risco de attrition, Início de carreira"
1556,No,1,1,media,"Risco de attrition, Início de carreira"
1557,No,0,0,alta,Estáveis e engajados
1558,No,1,1,alta,"Risco de attrition, Início de carreira"
1560,No,0,0,alta,Estáveis e engajados
1562,Yes,0,0,alta,Estáveis e engajados
1563,No,0,0,alta,Estáveis e engajados
1564,No,1,1,alta,"Risco de attrition, Início de carreira"
1568,No,0,0,alta,Estáveis e engajados
1569,Yes,1,1,alta,"Risco de attrition, Início de carreira"
1572,Yes,0,0,alta,Estáveis e engajados
1573,Yes,0,0,alta,Estáveis e engajados
1574,No,0,0,alta,Estáveis e engajados
1576,No,1,1,alta,"Risco de attrition, Início de carreira"
1577,No,1,1,alta,"Risco de attrition, Início de carreira"
1578,No,0,0,alta,Estáveis e engajados
1580,No,0,0,alta,Estáveis e engajados
1581,No,1,1,alta,"Risco de attrition, Início de carreira"
1582,No,0,0,alta,Estáveis e engajados
1583,No,1,1,alta,"Risco de attrition, Início de carreira"
1585,No,1,1,alta,"Risco de attrition, Início de carreira"
1586,No,1,1,alta,"Risco de attrition, Início de carreira"
1587,No,1,1,alta,"Risco de attrition, Início de carreira"
1588,No,0,0,alta,Estáveis e engajados
1590,No,1,1,media,"Risco de attrition, Início de carreira"
1591,No,0,0,alta,Estáveis e engajados
1592,No,1,1,media,"Risco de attrition, Início de carreira"
1594,No,0,0,media,Estáveis e engajados
1595,No,1,1,alta,"Risco de attrition, Início de carreira"
1596,No,0,0,alta,Estáveis e engajados
1597,No,0,0,alta,Estáveis e engajados
1598,No,0,0,alta,Estáveis e engajados
1599,No,1,1,media,"Risco de attrition, Início de carreira"
1601,No,1,1,baixa,"Risco de attrition, Início de carreira"
1602,No,0,0,alta,Estáveis e engajados
1604,Yes,1,1,media,"Risco de attrition, Início de carreira"
1605,No,1,1,alta,"Risco de attrition, Início de carreira"
1606,No,0,0,alta,Estáveis e engajados
1607,No,1,1,alta,"Risco de attrition, Início de carreira"
1608,No,1,1,alta,"Risco de attrition, Início de carreira"
1609,No,1,1,media,"Risco de attrition, Início de carreira"
1611,No,1,1,alta,"Risco de attrition, Início de carreira"
1612,No,0,0,alta,Estáveis e engajados
1613,No,0,0,alta,Estáveis e engajados
1614,No,1,1,alta,"Risco de attrition, Início de carreira"
1615,No,0,0,alta,Estáveis e engajados
1617,No,1,1,alta,"Risco de attrition, Início de carreira"
1618,No,0,0,alta,Estáveis e engajados
1619,No,0,0,alta,Estáveis e engajados
1621,No,0,0,media,Estáveis e engajados
1622,No,1,1,alta,"Risco de attrition, Início de carreira"
1623,No,1,1,alta,"Risco de attrition, Início de carreira"
1624,Yes,1,1,alta,"Risco de attrition, Início de carreira"
1625,No,1,1,media,"Risco de attrition, Início de carreira"
1627,No,0,0,alta,Estáveis e engajados
1628,No,0,0,media,Estáveis e engajados
1630,No,0,0,alta,Estáveis e engajados
1631,No,0,0,alta,Estáveis e engajados
1633,No,1,1,alta,"Risco de attrition, Início de carreira"
1635,No,0,0,alta,Estáveis e engajados
1638,No,1,1,alta,"Risco de attrition, Início de carreira"
1639,Yes,0,0,alta,Estáveis e engajados
1640,No,1,1,alta,"Risco de attrition, Início de carreira"
1641,No,1,1,alta,"Risco de attrition, Início de carreira"
1642,No,0,0,alta,Estáveis e engajados
1644,No,0,0,alta,Estáveis e engajados
1645,Yes,0,0,alta,Estáveis e engajados
1646,No,1,1,alta,"Risco de attrition, Início de carreira"
1647,No,1,1,alta,"Risco de attrition, Início de carreira"
1648,No,1,1,alta,"Risco de attrition, Início de carreira"
1649,Yes,1,1,alta,"Risco de attrition, Início de carreira"
1650,No,0,0,alta,Estáveis e engajados
1651,No,1,1,alta,"Risco de attrition, Início de carreira"
1653,No,0,0,alta,Estáveis e engajados
1654,No,0,0,baixa,Estáveis e engajados
1655,No,1,1,alta,"Risco de attrition, Início de carreira"
1656,No,0,0,baixa,Estáveis e engajados
1657,No,1,1,alta,"Risco de attrition, Início de carreira"
1658,No,1,1,media,"Risco de attrition, Início de carreira"
1659,No,1,1,alta,"Risco de attrition, Início de carreira"
1661,No,0,0,alta,Estáveis e engajados
1662,No,1,1,alta,"Risco de attrition, Início de carreira"
1664,No,0,0,alta,Estáveis e engajados
1665,No,1,1,media,"Risco de attrition, Início de carreira"
1666,No,0,0,alta,Estáveis e engajados
1667,Yes,0,0,alta,Estáveis e engajados
1668,No,0,0,alta,Estáveis e engajados
1669,No,0,0,alta,Estáveis e engajados
1670,No,0,0,alta,Estáveis e engajados
1671,No,0,0,alta,Estáveis e engajados
1673,No,0,0,alta,Estáveis e engajados
1674,No,1,1,alta,"Risco de attrition, Início de carreira"
1675,No,1,1,alta,"Risco de attrition, Início de carreira"
1676,No,0,0,baixa,Estáveis e engajados
1677,No,0,0,baixa,Estáveis e engajados
1678,No,0,0,alta,Estáveis e engajados
1680,No,0,0,media,Estáveis e engajados
1681,No,0,0,alta,Estáveis e engajados
1682,No,0,0,alta,Estáveis e engajados
1683,No,1,1,alta,"Risco de attrition, Início de carreira"
1684,Yes,1,1,alta,"Risco de attrition, Início de carreira"
1687,No,1,1,alta,"Risco de attrition, Início de carreira"
1689,No,0,0,baixa,Estáveis e engajados
1691,Yes,0,0,alta,Estáveis e engajados
1692,Yes,1,1,alta,"Risco de attrition, Início de carreira"
1693,No,1,1,alta,"Risco de attrition, Início de carreira"
1694,No,1,1,alta,"Risco de attrition, Início de carreira"
1696,No,0,0,alta,Estáveis e engajados
1697,No,1,1,alta,"Risco de attrition, Início de carreira"
1698,No,0,0,alta,Estáveis e engajados
1700,No,0,0,alta,Estáveis e engajados
1701,No,1,1,alta,"Risco de attrition, Início de carreira"
1702,Yes,0,0,alta,Estáveis e engajados
1703,No,0,0,alta,Estáveis e engajados
1704,No,1,1,alta,"Risco de attrition, Início de carreira"
1706,No,0,0,alta,Estáveis e engajados
1707,No,1,1,alta,"Risco de attrition, Início de carreira"
1708,No,0,0,alta,Estáveis e engajados
1709,No,1,1,alta,"Risco de attrition, Início de carreira"
1710,No,0,0,media,Estáveis e engajados
1712,No,0,0,alta,Estáveis e engajados
1714,Yes,0,0,baixa,Estáveis e engajados
1716,Yes,0,0,alta,Estáveis e engajados
1718,No,1,1,baixa,"Risco de attrition, Início de carreira"
1719,No,1,1,alta,"Risco de attrition, Início de carreira"
1720,No,1,1,baixa,"Risco de attrition, Início de carreira"
1721,No,1,1,media,"Risco de attrition, Início de carreira"
1722,No,0,0,alta,Estáveis e engajados
1724,No,1,1,alta,"Risco de attrition, Início de carreira"
1725,No,1,1,alta,"Risco de attrition, Início de carreira"
1727,No,1,1,baixa,"Risco de attrition, Início de carreira"
1728,No,0,0,alta,Estáveis e engajados
1729,No,1,1,baixa,"Risco de attrition, Início de carreira"
1731,No,0,0,alta,Estáveis e engajados
1732,No,0,0,alta,Estáveis e engajados
1733,Yes,0,0,alta,Estáveis e engajados
1734,Yes,0,0,alta,Estáveis e engajados
1735,No,1,1,alta,"Risco de attrition, Início de carreira"
1736,No,1,1,alta,"Risco de attrition, Início de carreira"
1737,No,0,0,alta,Estáveis e engajados
1739,No,0,0,alta,Estáveis e engajados
1740,No,0,0,alta,Estáveis e engajados
1744,No,1,1,media,"Risco de attrition, Início de carreira"
1745,No,1,1,alta,"Risco de attrition, Início de carreira"
1746,No,0,0,media,Estáveis e engajados
1747,Yes,1,1,alta,"Risco de attrition, Início de carreira"
1749,No,0,0,alta,Estáveis e engajados
1751,No,1,1,alta,"Risco de attrition, Início de carreira"
1752,Yes,1,1,alta,"Risco de attrition, Início de carreira"
1753,No,1,1,alta,"Risco de attrition, Início de carreira"
1754,No,0,0,alta,Estáveis e engajados
1755,No,1,1,media,"Risco de attrition, Início de carreira"
1756,No,0,0,alta,Estáveis e engajados
1757,No,1,1,alta,"Risco de attrition, Início de carreira"
1758,Yes,1,1,alta,"Risco de attrition, Início de carreira"
1760,No,1,1,alta,"Risco de attrition, Início de carreira"
1761,Yes,0,0,alta,Estáveis e engajados
1762,No,1,1,alta,"Risco de attrition, Início de carreira"
1763,No,0,0,alta,Estáveis e engajados
1764,No,1,1,alta,"Risco de attrition, Início de carreira"
1766,No,0,0,baixa,Estáveis e engajados
1767,Yes,1,1,alta,"Risco de attrition, Início de carreira"
1768,No,1,1,baixa,"Risco de attrition, Início de carreira"
1770,No,0,0,alta,Estáveis e engajados
1771,No,1,1,baixa,"Risco de attrition, Início de carreira"
1772,No,1,1,alta,"Risco de attrition, Início de carreira"
1774,No,0,0,alta,Estáveis e engajados
1775,No,1,1,alta,"Risco de attrition, Início de carreira"
1778,No,1,1,baixa,"Risco de attrition, Início de carreira"
1779,No,0,0,media,Estáveis e engajados
1780,Yes,1,1,alta,"Risco de attrition, Início de carreira"
1782,No,1,1,baixa,"Risco de attrition, Início de carreira"
1783,Yes,1,1,alta,"Risco de attrition, Início de carreira"
1784,No,0,0,alta,Estáveis e engajados
1786,No,1,1,alta,"Risco de attrition, Início de carreira"
1787,No,0,0,alta,Estáveis e engajados
1789,No,0,0,media,Estáveis e engajados
1790,No,0,0,alta,Estáveis e engajados
1792,Yes,1,1,alta,"Risco de attrition, Início de carreira"
1794,No,0,0,alta,Estáveis e engajados
1797,Yes,0,0,alta,Estáveis e engajados
1798,No,0,0,alta,Estáveis e engajados
1799,No,1,1,media,"Risco de attrition, Início de carreira"
1800,No,1,1,alta,"Risco de attrition, Início de carreira"
1801,No,0,0,alta,Estáveis e engajados
1802,No,1,1,alta,"Risco de attrition, Início de carreira"
1803,No,1,1,media,"Risco de attrition, Início de carreira"
1804,No,0,0,alta,Estáveis e engajados
1805,No,0,0,alta,Estáveis e engajados
1807,Yes,0,0,alta,Estáveis e engajados
1809,Yes,1,1,baixa,"Risco de attrition, Início de carreira"
1812,No,0,0,alta,Estáveis e engajados
1813,No,1,1,alta,"Risco de attrition, Início de carreira"
1814,No,1,1,alta,"Risco de attrition, Início de carreira"
1815,No,0,0,alta,Estáveis e engajados
1816,No,1,1,alta,"Risco de attrition, Início de carreira"
1818,Yes,1,1,alta,"Risco de attrition, Início de carreira"
1821,Yes,0,0,baixa,Estáveis e engajados
1822,No,1,1,alta,"Risco de attrition, Início de carreira"
1823,No,0,0,alta,Estáveis e engajados
1824,No,0,0,alta,Estáveis e engajados
1826,No,1,1,baixa,"Risco de attrition, Início de carreira"
1827,No,0,0,media,Estáveis e engajados
1829,No,0,0,baixa,Estáveis e engajados
1830,No,1,1,alta,"Risco de attrition, Início de carreira"
1833,No,0,0,alta,Estáveis e engajados
1834,No,1,1,alta,"Risco de attrition, Início de carreira"
1835,No,0,0,alta,Estáveis e engajados
1836,No,0,0,alta,Estáveis e engajados
1837,No,0,0,alta,Estáveis e engajados
1839,No,1,1,alta,"Risco de attrition, Início de carreira"
1842,Yes,1,1,media,"Risco de attrition, Início de carreira"
1844,Yes,1,1,alta,"Risco de attrition, Início de carreira"
1845,No,0,0,alta,Estáveis e engajados
1847,No,1,1,alta,"Risco de attrition, Início de carreira"
1849,No,0,0,alta,Estáveis e engajados
1850,No,1,1,alta,"Risco de attrition, Início de carreira"
1852,No,0,0,alta,Estáveis e engajados
1853,No,0,0,media,Estáveis e engajados
1854,No,0,0,baixa,Estáveis e engajados
1856,No,1,1,alta,"Risco de attrition, Início de carreira"
1857,No,0,0,alta,Estáveis e engajados
1858,No,0,0,alta,Estáveis e engajados
1859,No,0,0,alta,Estáveis e engajados
1860,No,1,1,alta,"Risco de attrition, Início de carreira"
1862,Yes,0,0,alta,Estáveis e engajados
1863,No,0,0,alta,Estáveis e engajados
1864,No,0,0,alta,Estáveis e engajados
1865,No,1,1,alta,"Risco de attrition, Início de carreira"
1866,No,1,1,media,"Risco de attrition, Início de carreira"
1867,No,0,0,alta,Estáveis e engajados
1868,Yes,1,1,alta,"Risco de attrition, Início de carreira"
1869,Yes,0,0,alta,Estáveis e engajados
1870,No,1,1,alta,"Risco de attrition, Início de carreira"
1871,No,1,1,baixa,"Risco de attrition, Início de carreira"
1873,No,1,1,alta,"Risco de attrition, Início de carreira"
1875,No,1,1,alta,"Risco de attrition, Início de carreira"
1876,Yes,1,1,alta,"Risco de attrition, Início de carreira"
1878,Yes,1,1,alta,"Risco de attrition, Início de carreira"
1880,No,0,0,alta,Estáveis e engajados
1881,No,1,1,baixa,"Risco de attrition, Início de carreira"
1882,No,0,0,alta,Estáveis e engajados
1883,No,1,1,alta,"Risco de attrition, Início de carreira"
1885,No,1,1,media,"Risco de attrition, Início de carreira"
1886,No,1,1,alta,"Risco de attrition, Início de carreira"
1888,No,1,1,media,"Risco de attrition, Início de carreira"
1890,No,1,1,alta,"Risco de attrition, Início de carreira"
1892,No,0,0,alta,Estáveis e engajados
1893,No,1,1,alta,"Risco de attrition, Início de carreira"
1898,No,0,0,alta,Estáveis e engajados
1900,No,0,0,alta,Estáveis e engajados
1903,No,0,0,baixa,Estáveis e engajados
1905,Yes,1,1,alta,"Risco de attrition, Início de carreira"
1907,Yes,1,1,alta,"Risco de attrition, Início de carreira"
1908,No,0,0,alta,Estáveis e engajados
1909,No,0,0,alta,Estáveis e engajados
1911,No,0,0,alta,Estáveis e engajados
1912,No,0,0,alta,Estáveis e engajados
1915,No,0,0,alta,Estáveis e engajados
1916,No,1,1,alta,"Risco de attrition, Início de carreira"
1918,No,0,0,alta,Estáveis e engajados
1922,No,1,1,alta,"Risco de attrition, Início de carreira"
1924,No,0,0,alta,Estáveis e engajados
1927,No,0,0,alta,Estáveis e engajados
1928,Yes,1,1,alta,"Risco de attrition, Início de carreira"
1929,No,0,0,alta,Estáveis e engajados
1931,No,1,1,media,"Risco de attrition, Início de carreira"
1932,No,0,0,alta,Estáveis e engajados
1933,Yes,1,1,alta,"Risco de attrition, Início de carreira"
1934,No,0,0,alta,Estáveis e engajados
1935,No,0,0,alta,Estáveis e engajados
1936,No,0,0,alta,Estáveis e engajados
1937,No,1,1,alta,"Risco de attrition, Início de carreira"
1938,No,1,1,baixa,"Risco de attrition, Início de carreira"
1939,Yes,1,1,alta,"Risco de attrition, Início de carreira"
1940,No,1,1,alta,"Risco de attrition, Início de carreira"
1941,No,0,0,alta,Estáveis e engajados
1943,No,0,0,alta,Estáveis e engajados
1944,Yes,1,1,alta,"Risco de attrition, Início de carreira"
1945,No,0,0,alta,Estáveis e engajados
1947,No,1,1,alta,"Risco de attrition, Início de carreira"
1948,No,1,1,alta,"Risco de attrition, Início de carreira"
1949,No,1,1,baixa,"Risco de attrition, Início de carreira"
1950,No,0,0,alta,Estáveis e engajados
1951,No,0,0,alta,Estáveis e engajados
1952,No,1,1,baixa,"Risco de attrition, Início de carreira"
1954,No,0,0,alta,Estáveis e engajados
1955,No,1,1,alta,"Risco de attrition, Início de carreira"
1956,No,0,0,alta,Estáveis e engajados
1960,Yes,0,0,baixa,Estáveis e engajados
1961,No,1,1,baixa,"Risco de attrition, Início de carreira"
1962,No,0,0,alta,Estáveis e engajados
1965,No,0,0,alta,Estáveis e engajados
1966,No,1,1,alta,"Risco de attrition, Início de carreira"
1967,Yes,0,0,alta,Estáveis e engajados
1968,Yes,0,0,alta,Estáveis e engajados
1969,No,1,1,alta,"Risco de attrition, Início de carreira"
1970,No,0,0,alta,Estáveis e engajados
1971,No,0,0,alta,Estáveis e engajados
1972,No,0,0,alta,Estáveis e engajados
1973,No,0,0,alta,Estáveis e engajados
1974,No,1,1,alta,"Risco de attrition, Início de carreira"
1975,No,0,0,alta,Estáveis e engajados
1976,No,1,1,alta,"Risco de attrition, Início de carreira"
1979,No,0,0,alta,Estáveis e engajados
1980,No,1,1,alta,"Risco de attrition, Início de carreira"
1981,No,1,1,alta,"Risco de attrition, Início de carreira"
1982,No,1,1,alta,"Risco de attrition, Início de carreira"
1985,No,0,0,alta,Estáveis e engajados
1986,No,0,0,alta,Estáveis e engajados
1987,No,1,1,alta,"Risco de attrition, Início de carreira"
1989,No,0,0,alta,Estáveis e engajados
1992,No,1,1,alta,"Risco de attrition, Início de carreira"
1993,No,0,0,media,Estáveis e engajados
1994,No,1,1,alta,"Risco de attrition, Início de carreira"
1995,No,0,0,alta,Estáveis e engajados
1996,No,0,0,alta,Estáveis e engajados
1997,No,0,0,alta,Estáveis e engajados
1998,No,1,1,alta,"Risco de attrition, Início de carreira"
1999,No,1,1,baixa,"Risco de attrition, Início de carreira"
2000,No,0,0,alta,Estáveis e engajados
2003,No,0,0,alta,Estáveis e engajados
2007,No,1,1,alta,"Risco de attrition, Início de carreira"
2008,No,1,1,alta,"Risco de attrition, Início de carreira"
2009,No,0,0,media,Estáveis e engajados
2010,No,1,1,alta,"Risco de attrition, Início de carreira"
2012,No,1,1,alta,"Risco de attrition, Início de carreira"
2013,No,0,0,alta,Estáveis e engajados
2014,No,1,1,alta,"Risco de attrition, Início de carreira"
2015,No,0,0,baixa,Estáveis e engajados
2016,No,0,0,alta,Estáveis e engajados
2017,No,0,0,alta,Estáveis e engajados
2018,No,0,0,alta,Estáveis e engajados
2019,No,0,0,alta,Estáveis e engajados
2020,No,1,1,alta,"Risco de attrition, Início de carreira"
2021,No,1,1,media,"Risco de attrition, Início de carreira"
2022,No,1,1,alta,"Risco de attrition, Início de carreira"
2023,Yes,0,0,alta,Estáveis e engajados
2024,No,0,0,alta,Estáveis e engajados
2025,No,1,1,alta,"Risco de attrition, Início de carreira"
2026,No,0,0,alta,Estáveis e engajados
2027,Yes,0,0,media,Estáveis e engajados
2031,No,0,0,alta,Estáveis e engajados
2032,Yes,0,0,alta,Estáveis e engajados
2034,No,1,1,media,"Risco de attrition, Início de carreira"
2035,No,0,0,alta,Estáveis e engajados
2036,No,0,0,alta,Estáveis e engajados
2037,No,0,0,alta,Estáveis e engajados
2038,No,1,1,alta,"Risco de attrition, Início de carreira"
2040,No,1,1,alta,"Risco de attrition, Início de carreira"
2041,No,0,0,alta,Estáveis e engajados
2044,Yes,0,0,alta,Estáveis e engajados
2045,No,0,0,alta,Estáveis e engajados
2046,No,1,1,media,"Risco de attrition, Início de carreira"
2048,No,1,1,alta,"Risco de attrition, Início de carreira"
2049,No,0,0,alta,Estáveis e engajados
2051,No,1,1,alta,"Risco de attrition, Início de carreira"
2052,No,1,1,alta,"Risco de attrition, Início de carreira"
2053,No,0,0,alta,Estáveis e engajados
2054,No,1,1,alta,"Risco de attrition, Início de carreira"
2055,Yes,0,0,alta,Estáveis e engajados
2056,No,0,0,alta,Estáveis e engajados
2057,No,1,1,alta,"Risco de attrition, Início de carreira"
2060,No,1,1,alta,"Risco de attrition, Início de carreira"
2061,No,0,0,alta,Estáveis e engajados
2062,No,0,0,alta,Estáveis e engajados
2064,No,0,0,baixa,Estáveis e engajados
2065,No,0,0,alta,Estáveis e engajados
2068,No,0,0,baixa,Estáveis e engajados
